dt,P_out
2021-02-21 00:00:00,0.0
2021-02-21 01:00:00,0.0
2021-02-21 02:00:00,0.0
2021-02-21 03:00:00,0.0
2021-02-21 04:00:00,8.796224822437798
2021-02-21 05:00:00,353.8836086320093
2021-02-21 06:00:00,1807.408429045778
2021-02-21 07:00:00,2641.6791604676814
2021-02-21 08:00:00,3144.254757278826
2021-02-21 09:00:00,3649.3357419885897
2021-02-21 10:00:00,4388.402325611364
2021-02-21 11:00:00,4685.162553215599
2021-02-21 12:00:00,3878.267466378169
2021-02-21 13:00:00,2256.459781380079
2021-02-21 14:00:00,569.4821462730037
2021-02-21 15:00:00,34.902097802347626
2021-02-21 16:00:00,0.0
2021-02-21 17:00:00,0.0
2021-02-21 18:00:00,0.0
2021-02-21 19:00:00,0.0
2021-02-21 20:00:00,0.0
2021-02-21 21:00:00,0.0
2021-02-21 22:00:00,0.0
2021-02-21 23:00:00,0.0
2021-02-22 00:00:00,0.0
2021-02-22 01:00:00,0.0
2021-02-22 02:00:00,0.0
2021-02-22 03:00:00,0.0
2021-02-22 04:00:00,15.973504582747198
2021-02-22 05:00:00,590.3442660192143
2021-02-22 06:00:00,2770.951900227552
2021-02-22 07:00:00,4100.216241346129
2021-02-22 08:00:00,4887.140067328837
2021-02-22 09:00:00,5130.470631826879
2021-02-22 10:00:00,5022.027356877876
2021-02-22 11:00:00,4617.89312766773
2021-02-22 12:00:00,3746.5964308342814
2021-02-22 13:00:00,2239.659193854211
2021-02-22 14:00:00,603.9921376620396
2021-02-22 15:00:00,38.63804260879687
2021-02-22 16:00:00,0.0
2021-02-22 17:00:00,0.0
2021-02-22 18:00:00,0.0
2021-02-22 19:00:00,0.0
2021-02-22 20:00:00,0.0
2021-02-22 21:00:00,0.0
2021-02-22 22:00:00,0.0
2021-02-22 23:00:00,0.0
2021-02-23 00:00:00,0.0
2021-02-23 01:00:00,0.0
2021-02-23 02:00:00,0.0
2021-02-23 03:00:00,0.0
2021-02-23 04:00:00,22.62979056449364
2021-02-23 05:00:00,596.3124558120545
2021-02-23 06:00:00,2737.229113938516
2021-02-23 07:00:00,4017.1137208770315
2021-02-23 08:00:00,4775.605458171347
2021-02-23 09:00:00,5092.359671615457
2021-02-23 10:00:00,5067.0766288790555
2021-02-23 11:00:00,4658.181719461384
2021-02-23 12:00:00,3733.5633962908223
2021-02-23 13:00:00,2223.545844875837
2021-02-23 14:00:00,562.0040238103951
2021-02-23 15:00:00,35.42741594789397
2021-02-23 16:00:00,0.0
2021-02-23 17:00:00,0.0
2021-02-23 18:00:00,0.0
2021-02-23 19:00:00,0.0
2021-02-23 20:00:00,0.0
2021-02-23 21:00:00,0.0
2021-02-23 22:00:00,0.0
2021-02-23 23:00:00,0.0
2021-02-24 00:00:00,0.0
2021-02-24 01:00:00,0.0
2021-02-24 02:00:00,0.0
2021-02-24 03:00:00,0.0
2021-02-24 04:00:00,23.077676677680916
2021-02-24 05:00:00,626.3591541445197
2021-02-24 06:00:00,2843.1111877023054
2021-02-24 07:00:00,4077.968763149072
2021-02-24 08:00:00,4789.7703177285175
2021-02-24 09:00:00,4987.639577527264
2021-02-24 10:00:00,4886.261935320045
2021-02-24 11:00:00,4467.524668339118
2021-02-24 12:00:00,3630.6489935752093
2021-02-24 13:00:00,2225.3356577029404
2021-02-24 14:00:00,579.8778534055027
2021-02-24 15:00:00,45.18146418462535
2021-02-24 16:00:00,0.0
2021-02-24 17:00:00,0.0
2021-02-24 18:00:00,0.0
2021-02-24 19:00:00,0.0
2021-02-24 20:00:00,0.0
2021-02-24 21:00:00,0.0
2021-02-24 22:00:00,0.0
2021-02-24 23:00:00,0.0
2021-02-25 00:00:00,0.0
2021-02-25 01:00:00,0.0
2021-02-25 02:00:00,0.0
2021-02-25 03:00:00,0.0
2021-02-25 04:00:00,41.538961585944
2021-02-25 05:00:00,638.1420269362062
2021-02-25 06:00:00,2012.395199641993
2021-02-25 07:00:00,2197.3814180690533
2021-02-25 08:00:00,1936.0207267421624
2021-02-25 09:00:00,1521.1467065788677
2021-02-25 10:00:00,1107.2367437067783
2021-02-25 11:00:00,1235.6019037499748
2021-02-25 12:00:00,3036.463304018691
2021-02-25 13:00:00,2233.9521833368476
2021-02-25 14:00:00,590.8693516488884
2021-02-25 15:00:00,43.51057195240737
2021-02-25 16:00:00,0.0
2021-02-25 17:00:00,0.0
2021-02-25 18:00:00,0.0
2021-02-25 19:00:00,0.0
2021-02-25 20:00:00,0.0
2021-02-25 21:00:00,0.0
2021-02-25 22:00:00,0.0
2021-02-25 23:00:00,0.0
2021-02-26 00:00:00,0.0
2021-02-26 01:00:00,0.0
2021-02-26 02:00:00,0.0
2021-02-26 03:00:00,0.0
2021-02-26 04:00:00,27.765792379345772
2021-02-26 05:00:00,729.0776870299624
2021-02-26 06:00:00,2935.4005589931685
2021-02-26 07:00:00,4108.686466252433
2021-02-26 08:00:00,4698.727239416129
2021-02-26 09:00:00,4938.580405491828
2021-02-26 10:00:00,4904.966656465469
2021-02-26 11:00:00,4641.567707122712
2021-02-26 12:00:00,3760.1400211907576
2021-02-26 13:00:00,2260.940662476582
2021-02-26 14:00:00,615.3936750627801
2021-02-26 15:00:00,44.70889403102853
2021-02-26 16:00:00,0.0
2021-02-26 17:00:00,0.0
2021-02-26 18:00:00,0.0
2021-02-26 19:00:00,0.0
2021-02-26 20:00:00,0.0
2021-02-26 21:00:00,0.0
2021-02-26 22:00:00,0.0
2021-02-26 23:00:00,0.0
2021-02-27 00:00:00,0.0
2021-02-27 01:00:00,0.0
2021-02-27 02:00:00,0.0
2021-02-27 03:00:00,0.0
2021-02-27 04:00:00,47.798661492045994
2021-02-27 05:00:00,798.0761409112009
2021-02-27 06:00:00,2908.916264225216
2021-02-27 07:00:00,4072.3743933838364
2021-02-27 08:00:00,4793.544599800633
2021-02-27 09:00:00,5080.843337943555
2021-02-27 10:00:00,5032.078969532357
2021-02-27 11:00:00,4594.291072691729
2021-02-27 12:00:00,3717.3719114043747
2021-02-27 13:00:00,2287.0287775873967
2021-02-27 14:00:00,652.7839559591157
2021-02-27 15:00:00,56.65357455386887
2021-02-27 16:00:00,0.0
2021-02-27 17:00:00,0.0
2021-02-27 18:00:00,0.0
2021-02-27 19:00:00,0.0
2021-02-27 20:00:00,0.0
2021-02-27 21:00:00,0.0
2021-02-27 22:00:00,0.0
2021-02-27 23:00:00,0.0
